"first_name","last_name","phone","email","date_of_birth","created_by","created_date","updated_by","updated_date"
"Vrushabh","SHINDE","1234567890","ayush@gmail.com","1997-04-12","ayush","2021-05-31T08:30:01.692633Z","ayush","2021-05-31T08:30:01.692697Z"
"Vrushabh","SHINDE","1234567890","ayush@gmail.com","1997-04-12","ayush","2021-05-31T08:30:01.692714Z","ayush","2021-05-31T08:30:01.692722Z"
"ash","SHINDE","12345670","ayush","1997-04-12","ayush","2021-05-31T08:30:01.692732Z","ayush","2021-05-31T08:30:01.692738Z"
"ash","SHINDE","1234567890","ayush@gmail.com","1997-04-12","ayush","2021-05-31T08:30:01.692747Z","ayush","2021-05-31T08:30:01.692753Z"
"ash","SHINDE","1234567890","ayush.com","1997-04-12","ayush","2021-05-31T08:30:01.692761Z","ayush","2021-05-31T08:30:01.692767Z"
"","SHINDE","1234567890","ayush.com","1997-04-12","ayush","2021-05-31T08:30:01.692775Z","ayush","2021-05-31T08:30:01.692781Z"
"Vrushabh","SHINDE","1234567890","ayush@gmail.com","1997-04-12","ayush","2021-05-31T08:30:01.692789Z","ayush","2021-05-31T08:30:01.692795Z"
"Vrushabh","SHINDE","1234590","ayush@gmail.com","1997-04-12","ayush","2021-05-31T08:30:01.692802Z","ayush","2021-05-31T08:30:01.692808Z"
"","SHINDE","1234590","ayush@gmail.com","1997-04-12","ayush","2021-05-31T08:30:01.692815Z","ayush","2021-05-31T08:30:01.692820Z"
"Vrushabh","SHINDE","1234567890","ayush@gmail.com","1997-04-12","ayush","2021-05-31T08:30:01.692827Z","ayush","2021-05-31T08:30:01.692832Z"
"Vrushabh","SHINDE","1234567890","ayush@gmail.com","1997-04-12","ayush","2021-05-31T08:30:01.692839Z","ayush","2021-05-31T08:30:01.692846Z"
"yash","SHINDE","1234567890","ayush@gmail.com","1997-04-12","ayush","2021-05-31T08:30:01.692853Z","ayush","2021-05-31T08:30:01.692858Z"
"yash","SHINDE","123450","ayush@gmail.com","1997-04-12","ayush","2021-05-31T08:30:01.692864Z","ayush","2021-05-31T08:30:01.692870Z"
"yash","SHINDE","123450","ayush@gmail.com","1997-04-12","ayush","2021-05-31T08:30:01.692877Z","ayush","2021-05-31T08:30:01.692882Z"
"yash","SHINDE","123456","ayush@gmail.com","1997-04-12","ayush","2021-05-31T08:30:01.692889Z","ayush","2021-05-31T08:30:01.692894Z"
"yash","SHINDE","123456","ayush@gmail.com","1997-04-12","ayush","2021-05-31T08:30:01.692902Z","ayush","2021-05-31T08:30:01.692908Z"
"yash","SHINDE","123456","ayush@gmail.com","1997-04-12","ayush","2021-05-31T08:30:01.692917Z","ayush","2021-05-31T08:30:01.692922Z"
"yash","SHINDE","123456","ayush@gmail.com","1997-04-12","ayush","2021-05-31T08:30:01.692929Z","ayush","2021-05-31T08:30:01.692934Z"
"yash","SHINDE","1234567890","ayush@gmail.com","1997-04-12","ayush","2021-05-31T08:30:01.692940Z","ayush","2021-05-31T08:30:01.692945Z"
,"SHINDE","1234567890","ayushgmailcom","1997-04-12","ayush","2021-05-31T08:30:01.692952Z","ayush","2021-05-31T08:30:01.692957Z"
"yash","SHINDE","1234567890","ayush@gmail.com","1997-04-12","ayush","2021-05-31T08:30:01.692964Z","ayush","2021-05-31T08:30:01.692969Z"
"yash","SHINDE","1234567890","ayush@gmail.com","1997-04-12","ayush","2021-05-31T08:30:01.692976Z","ayush","2021-05-31T08:30:01.693007Z"
"yash","SHINDE","1234567890","ayush@gmail.com","1997-04-12","ayush","2021-05-31T08:30:01.693015Z","ayush","2021-05-31T08:30:01.693020Z"
"yash","SHINDE","1234567999","ayush@gmail.com","1997-04-12","ayush","2021-05-31T08:30:01.693027Z","ayush","2021-05-31T08:30:01.693032Z"
"yash","SHINDE","1234567990","ayush@gmail.com","1997-04-12","ayush","2021-05-31T08:30:01.693039Z","ayush","2021-05-31T08:30:01.693045Z"
